2020-03-10,1
2020-03-11,6
2020-03-12,6
2020-03-13,6
2020-03-14,1
2020-03-15,1
2020-03-16,1
2020-03-17,1
2020-03-18,1
2020-03-19,1
2020-03-20,1
2020-03-21,1
2020-03-22,1
2020-03-23,1
2020-03-24,1
2020-03-25,1
2020-03-26,1
2020-03-27,1
2020-03-28,1
2020-03-29,1
2020-03-30,1
2020-03-31,1
2020-04-01,1
2020-04-02,1
2020-04-03,1
2020-04-04,1
2020-04-05,1
2020-04-06,1
2020-04-07,1
2020-04-08,1
2020-04-09,1
2020-04-10,1
2020-04-11,2
2020-04-12,2
2020-04-13,1
2020-04-14,16
2020-04-15,7
2020-04-16,1
2020-04-17,4
2020-04-18,3
2020-04-19,4
2020-04-20,4
2020-04-21,10
2020-04-22,10
2020-04-23,3
2020-04-24,3
2020-04-25,14
2020-04-26,14
2020-04-27,13
2020-04-28,10
2020-04-29,10
2020-04-30,5
2020-05-01,5
2020-05-02,4
2020-05-03,2
2020-05-04,2
2020-05-05,2
2020-05-06,2
2020-05-07,2
2020-05-08,1
2020-05-09,5
2020-05-10,3
2020-05-11,1
2020-05-12,4
2020-05-13,4
2020-05-14,4
2020-05-15,1
2020-05-16,1
2020-05-17,2
2020-05-18,2
2020-05-19,1
