2020-04-10,1
2020-04-11,1
2020-04-12,1
2020-04-13,2
2020-04-14,2
2020-04-15,2
2020-04-16,2
2020-04-17,2
2020-04-18,2
2020-04-19,2
2020-04-20,2
2020-04-21,2
2020-04-22,2
2020-04-23,2
2020-04-24,2
2020-04-25,2
2020-04-26,2
2020-04-27,2
2020-04-28,2
2020-04-29,2
2020-04-30,1
2020-05-01,1
2020-05-02,1
2020-05-03,1
2020-05-04,1
2020-05-05,1
2020-05-06,1
2020-05-07,1
2020-05-08,1
2020-05-09,1
2020-05-10,1
2020-05-11,1
2020-05-12,1
2020-05-13,1
2020-05-14,1
2020-05-15,1
2020-05-16,1
2020-05-17,1
2020-05-18,1
2020-05-19,1
2020-05-20,1
