2020-03-26,1
2020-03-27,2
2020-03-28,2
2020-03-29,1
2020-03-30,1
2020-03-31,1
2020-04-01,1
2020-04-02,1
2020-04-03,3
2020-04-04,3
2020-04-05,3
2020-04-06,3
2020-04-07,2
2020-04-08,3
2020-04-09,2
2020-04-10,2
2020-04-11,2
2020-04-12,1
2020-04-13,1
2020-04-14,1
2020-04-15,1
2020-04-16,1
2020-04-17,2
2020-04-18,1
2020-04-19,1
2020-04-20,2
2020-04-21,2
2020-04-22,2
2020-04-23,5
2020-04-24,5
2020-04-25,5
2020-04-26,7
2020-04-27,7
2020-04-28,7
2020-04-29,7
2020-04-30,7
2020-05-01,7
2020-05-02,7
2020-05-03,7
2020-05-04,7
2020-05-05,2
2020-05-06,2
2020-05-07,2
2020-05-08,2
2020-05-09,2
2020-05-10,2
2020-05-11,2
2020-05-12,2
2020-05-13,2
2020-05-14,2
2020-05-15,2
2020-05-16,2
2020-05-17,2
2020-05-18,1
2020-05-19,1
2020-05-20,1
